X - .MC:I	Y - .MC:I	
-0.94933	-170.7	
-0.94933	-130.7	
-0.94797	-125.7	
-0.94797	-165.7	
-0.94662	-165.7	
-0.94662	-125.7	
-0.94527	-125.7	
-0.94527	-175.7	
-0.94391	-170.7	
-0.94391	-125.7	
-0.94255	-125.7	
-0.94255	-170.7	
-0.9412	-190.7	
-0.9412	-120.7	
-0.93985	-125.7	
-0.93985	-170.7	
-0.9385	-180.7	
-0.9385	-130.7	
-0.93714	-130.7	
-0.93714	-165.7	
-0.93578	-175.7	
-0.93578	-120.7	
-0.93443	-120.7	
-0.93443	-165.7	
-0.93308	-170.7	
-0.93308	-120.7	
-0.93172	-105.7	
-0.93172	-185.7	
-0.93037	-175.7	
-0.93037	-120.7	
-0.92901	-120.7	
-0.92901	-170.7	
-0.92766	-170.7	
-0.92766	-130.7	
-0.9263	-125.7	
-0.9263	-170.7	
-0.92495	-175.7	
-0.92495	-120.7	
-0.92359	-120.7	
-0.92359	-170.7	
-0.92224	-180.7	
-0.92224	-120.7	
-0.92089	-120.7	
-0.92089	-170.7	
-0.91954	-170.7	
-0.91954	-125.7	
-0.91818	-125.7	
-0.91818	-170.7	
-0.91682	-175.7	
-0.91682	-130.7	
-0.91547	-125.7	
-0.91547	-175.7	
-0.91411	-180.7	
-0.91411	-120.7	
-0.91276	-120.7	
-0.91276	-175.7	
-0.91141	-175.7	
-0.91141	-110.7	
-0.91005	-120.7	
-0.91005	-170.7	
-0.9087	-170.7	
-0.9087	-130.7	
-0.90734	-125.7	
-0.90734	-165.7	
-0.90599	-175.7	
-0.90599	-125.7	
-0.90463	-120.7	
-0.90463	-170.7	
-0.90328	-170.7	
-0.90328	-115.7	
-0.90193	-120.7	
-0.90193	-180.7	
-0.90058	-170.7	
-0.90058	-125.7	
-0.89922	-130.7	
-0.89922	-170.7	
-0.89786	-175.7	
-0.89786	-125.7	
-0.89651	-125.7	
-0.89651	-185.7	
-0.89516	-180.7	
-0.89516	-120.7	
-0.8938	-120.7	
-0.8938	-185.7	
-0.89245	-170.7	
-0.89245	-125.7	
-0.89109	-115.7	
-0.89109	-175.7	
-0.88974	-165.7	
-0.88974	-120.7	
-0.88838	-130.7	
-0.88838	-170.7	
-0.88703	-170.7	
-0.88703	-130.7	
-0.88567	-125.7	
-0.88567	-175.7	
-0.88432	-170.7	
-0.88432	-120.7	
-0.88297	-125.7	
-0.88297	-175.7	
-0.88162	-170.7	
-0.88162	-120.7	
-0.88026	-125.7	
-0.88026	-180.7	
-0.8789	-170.7	
-0.8789	-125.7	
-0.87755	-125.7	
-0.87755	-170.7	
-0.87619	-170.7	
-0.87619	-120.7	
-0.87484	-115.7	
-0.87484	-170.7	
-0.87349	-170.7	
-0.87349	-130.7	
-0.87214	-115.7	
-0.87214	-170.7	
-0.87078	-180.7	
-0.87078	-120.7	
-0.86942	-125.7	
-0.86942	-170.7	
-0.86807	-170.7	
-0.86807	-130.7	
-0.86672	-125.7	
-0.86672	-170.7	
-0.86536	-170.7	
-0.86536	-120.7	
-0.86401	-120.7	
-0.86401	-175.7	
-0.86265	-175.7	
-0.86265	-120.7	
-0.8613	-115.7	
-0.8613	-185.7	
-0.85994	-170.7	
-0.85994	-125.7	
-0.85859	-125.7	
-0.85859	-170.7	
-0.85723	-170.7	
-0.85723	-125.7	
-0.85588	-120.7	
-0.85588	-180.7	
-0.85453	-170.7	
-0.85453	-120.7	
-0.85318	-120.7	
-0.85318	-165.7	
-0.85182	-170.7	
-0.85182	-125.7	
-0.85046	-115.7	
-0.85046	-170.7	
-0.84911	-165.7	
-0.84911	-130.7	
-0.84775	-130.7	
-0.84775	-170.7	
-0.8464	-175.7	
-0.8464	-125.7	
-0.84505	-125.7	
-0.84505	-170.7	
-0.8437	-175.7	
-0.8437	-130.7	
-0.84234	-120.7	
-0.84234	-180.7	
-0.84098	-180.7	
-0.84098	-125.7	
-0.83963	-125.7	
-0.83963	-165.7	
-0.83828	-170.7	
-0.83828	-125.7	
-0.83692	-130.7	
-0.83692	-170.7	
-0.83557	-170.7	
-0.83557	-125.7	
-0.83421	-120.7	
-0.83421	-175.7	
-0.83286	-175.7	
-0.83286	-125.7	
-0.83151	-115.7	
-0.83151	-175.7	
-0.83015	-185.7	
-0.83015	-125.7	
-0.82879	-125.7	
-0.82879	-170.7	
-0.82744	-170.7	
-0.82744	-130.7	
-0.82608	-125.7	
-0.82608	-180.7	
-0.82473	-170.7	
-0.82473	-125.7	
-0.82338	-125.7	
-0.82338	-180.7	
-0.82203	-180.7	
-0.82203	-115.7	
-0.82067	-125.7	
-0.82067	-185.7	
-0.81931	-175.7	
-0.81931	-130.7	
-0.81796	-120.7	
-0.81796	-175.7	
-0.81661	-180.7	
-0.81661	-125.7	
-0.81525	-120.7	
-0.81525	-170.7	
-0.8139	-180.7	
-0.8139	-120.7	
-0.81254	-125.7	
-0.81254	-180.7	
-0.81119	-190.7	
-0.81119	-125.7	
-0.80983	-125.7	
-0.80983	-170.7	
-0.80848	-170.7	
-0.80848	-130.7	
-0.80713	-130.7	
-0.80713	-180.7	
-0.80577	-175.7	
-0.80577	-115.7	
-0.80442	-125.7	
-0.80442	-185.7	
-0.80306	-175.7	
-0.80306	-125.7	
-0.80171	-125.7	
-0.80171	-175.7	
-0.80036	-170.7	
-0.80036	-125.7	
-0.799	-125.7	
-0.799	-185.7	
-0.79765	-165.7	
-0.79765	-125.7	
-0.79629	-130.7	
-0.79629	-170.7	
-0.79494	-175.7	
-0.79494	-115.7	
-0.79359	-125.7	
-0.79359	-175.7	
-0.79223	-170.7	
-0.79223	-120.7	
-0.79087	-120.7	
-0.79087	-165.7	
-0.78952	-170.7	
-0.78952	-125.7	
-0.78817	-130.7	
-0.78817	-180.7	
-0.78681	-170.7	
-0.78681	-125.7	
-0.78546	-120.7	
-0.78546	-175.7	
-0.7841	-180.7	
-0.7841	-125.7	
-0.78275	-120.7	
-0.78275	-180.7	
-0.78139	-180.7	
-0.78139	-105.7	
-0.78004	-130.7	
-0.78004	-180.7	
-0.77869	-170.7	
-0.77869	-125.7	
-0.77733	-120.7	
-0.77733	-175.7	
-0.77598	-170.7	
-0.77598	-120.7	
-0.77462	-115.7	
-0.77462	-175.7	
-0.77327	-170.7	
-0.77327	-120.7	
-0.77191	-130.7	
-0.77191	-180.7	
-0.77056	-190.7	
-0.77056	-120.7	
-0.76921	-130.7	
-0.76921	-170.7	
-0.76785	-170.7	
-0.76785	-125.7	
-0.7665	-125.7	
-0.7665	-165.7	
-0.76515	-175.7	
-0.76515	-125.7	
-0.76379	-115.7	
-0.76379	-170.7	
-0.76243	-170.7	
-0.76243	-120.7	
-0.76108	-115.7	
-0.76108	-170.7	
-0.75973	-170.7	
-0.75973	-125.7	
-0.75837	-125.7	
-0.75837	-175.7	
-0.75702	-170.7	
-0.75702	-125.7	
-0.75567	-130.7	
-0.75567	-180.7	
-0.75431	-185.7	
-0.75431	-120.7	
-0.75295	-125.7	
-0.75295	-170.7	
-0.7516	-180.7	
-0.7516	-120.7	
-0.75025	-120.7	
-0.75025	-170.7	
-0.74889	-170.7	
-0.74889	-125.7	
-0.74754	-130.7	
-0.74754	-175.7	
-0.74618	-170.7	
-0.74618	-125.7	
-0.74483	-120.7	
-0.74483	-165.7	
-0.74348	-170.7	
-0.74348	-125.7	
-0.74212	-115.7	
-0.74212	-175.7	
-0.74077	-185.7	
-0.74077	-110.7	
-0.73941	-130.7	
-0.73941	-165.7	
-0.73806	-185.7	
-0.73806	-130.7	
-0.7367	-125.7	
-0.7367	-170.7	
-0.73535	-180.7	
-0.73535	-120.7	
-0.73399	-120.7	
-0.73399	-170.7	
-0.73264	-160.7	
-0.73264	-125.7	
-0.73129	-120.7	
-0.73129	-175.7	
-0.72993	-170.7	
-0.72993	-130.7	
-0.72858	-125.7	
-0.72858	-170.7	
-0.72722	-165.7	
-0.72722	-125.7	
-0.72587	-125.7	
-0.72587	-170.7	
-0.72451	-175.7	
-0.72451	-125.7	
-0.72316	-125.7	
-0.72316	-175.7	
-0.72181	-175.7	
-0.72181	-120.7	
-0.72045	-115.7	
-0.72045	-170.7	
-0.7191	-170.7	
-0.7191	-130.7	
-0.71774	-130.7	
-0.71774	-175.7	
-0.71639	-185.7	
-0.71639	-115.7	
-0.71504	-120.7	
-0.71504	-175.7	
-0.71368	-180.7	
-0.71368	-120.7	
-0.71233	-120.7	
-0.71233	-180.7	
-0.71097	-175.7	
-0.71097	-110.7	
-0.70962	-125.7	
-0.70962	-170.7	
-0.70826	-170.7	
-0.70826	-130.7	
-0.70691	-125.7	
-0.70691	-170.7	
-0.70555	-170.7	
-0.70555	-120.7	
-0.7042	-125.7	
-0.7042	-175.7	
-0.70285	-170.7	
-0.70285	-125.7	
-0.70149	-120.7	
-0.70149	-175.7	
-0.70014	-165.7	
-0.70014	-125.7	
-0.69879	-130.7	
-0.69879	-165.7	
-0.69743	-180.7	
-0.69743	-130.7	
-0.69607	-120.7	
-0.69607	-175.7	
-0.69472	-170.7	
-0.69472	-120.7	
-0.69337	-115.7	
-0.69337	-170.7	
-0.69201	-170.7	
-0.69201	-125.7	
-0.69066	-115.7	
-0.69066	-170.7	
-0.6893	-180.7	
-0.6893	-130.7	
-0.68795	-130.7	
-0.68795	-175.7	
-0.6866	-165.7	
-0.6866	-120.7	
-0.68524	-125.7	
-0.68524	-170.7	
-0.68389	-175.7	
-0.68389	-125.7	
-0.68253	-125.7	
-0.68253	-175.7	
-0.68118	-175.7	
-0.68118	-120.7	
-0.67983	-125.7	
-0.67983	-165.7	
-0.67847	-165.7	
-0.67847	-130.7	
-0.67711	-130.7	
-0.67711	-170.7	
-0.67576	-175.7	
-0.67576	-125.7	
-0.6744	-125.7	
-0.6744	-190.7	
-0.67305	-165.7	
-0.67305	-125.7	
-0.6717	-120.7	
-0.6717	-170.7	
-0.67035	-175.7	
-0.67035	-130.7	
-0.66899	-125.7	
-0.66899	-185.7	
-0.66763	-165.7	
-0.66763	-130.7	
-0.66628	-120.7	
-0.66628	-170.7	
-0.66493	-175.7	
-0.66493	-120.7	
-0.66357	-125.7	
-0.66357	-170.7	
-0.66222	-170.7	
-0.66222	-125.7	
-0.66086	-115.7	
-0.66086	-175.7	
-0.65951	-170.7	
-0.65951	-125.7	
-0.65815	-125.7	
-0.65815	-170.7	
-0.6568	-165.7	
-0.6568	-125.7	
-0.65545	-125.7	
-0.65545	-185.7	
-0.65409	-170.7	
-0.65409	-125.7	
-0.65274	-120.7	
-0.65274	-175.7	
-0.65138	-190.7	
-0.65138	-115.7	
-0.65003	-110.7	
-0.65003	-180.7	
-0.64868	-170.7	
-0.64868	-125.7	
-0.64732	-130.7	
-0.64732	-170.7	
-0.64597	-170.7	
-0.64597	-125.7	
-0.64461	-115.7	
-0.64461	-180.7	
-0.64326	-175.7	
-0.64326	-120.7	
-0.64191	-105.7	
-0.64191	-180.7	
-0.64055	-170.7	
-0.64055	-115.7	
-0.63919	-130.7	
-0.63919	-165.7	
-0.63784	-170.7	
-0.63784	-125.7	
-0.63649	-125.7	
-0.63649	-175.7	
-0.63513	-170.7	
-0.63513	-120.7	
-0.63378	-120.7	
-0.63378	-175.7	
-0.63242	-185.7	
-0.63242	-125.7	
-0.63107	-120.7	
-0.63107	-175.7	
-0.62972	-165.7	
-0.62972	-120.7	
-0.62836	-130.7	
-0.62836	-180.7	
-0.62701	-170.7	
-0.62701	-125.7	
-0.62565	-125.7	
-0.62565	-170.7	
-0.6243	-175.7	
-0.6243	-120.7	
-0.62294	-130.7	
-0.62294	-170.7	
-0.62159	-180.7	
-0.62159	-115.7	
-0.62023	-125.7	
-0.62023	-175.7	
-0.61888	-170.7	
-0.61888	-125.7	
-0.61753	-130.7	
-0.61753	-170.7	
-0.61617	-170.7	
-0.61617	-120.7	
-0.61482	-120.7	
-0.61482	-175.7	
-0.61347	-185.7	
-0.61347	-130.7	
-0.61211	-120.7	
-0.61211	-175.7	
-0.61075	-170.7	
-0.61075	-125.7	
-0.6094	-125.7	
-0.6094	-165.7	
-0.60805	-170.7	
-0.60805	-125.7	
-0.60669	-125.7	
-0.60669	-180.7	
-0.60534	-185.7	
-0.60534	-120.7	
-0.60399	-125.7	
-0.60399	-170.7	
-0.60263	-170.7	
-0.60263	-125.7	
-0.60127	-125.7	
-0.60127	-185.7	
-0.59992	-170.7	
-0.59992	-110.7	
-0.59857	-130.7	
-0.59857	-180.7	
-0.59721	-170.7	
-0.59721	-130.7	
-0.59586	-125.7	
-0.59586	-170.7	
-0.5945	-170.7	
-0.5945	-125.7	
-0.59315	-125.7	
-0.59315	-170.7	
-0.5918	-170.7	
-0.5918	-115.7	
-0.59044	-110.7	
-0.59044	-170.7	
-0.58909	-170.7	
-0.58909	-125.7	
-0.58773	-125.7	
-0.58773	-165.7	
-0.58637	-170.7	
-0.58637	-115.7	
-0.58502	-125.7	
-0.58502	-165.7	
-0.58367	-170.7	
-0.58367	-120.7	
-0.58231	-120.7	
-0.58231	-175.7	
-0.58096	-175.7	
-0.58096	-110.7	
-0.57961	-125.7	
-0.57961	-170.7	
-0.57825	-180.7	
-0.57825	-130.7	
-0.57689	-125.7	
-0.57689	-165.7	
-0.57554	-175.7	
-0.57554	-120.7	
-0.57419	-115.7	
-0.57419	-180.7	
-0.57283	-175.7	
-0.57283	-130.7	
-0.57148	-130.7	
-0.57148	-185.7	
-0.57013	-175.7	
-0.57013	-115.7	
-0.56877	-125.7	
-0.56877	-165.7	
-0.56741	-170.7	
-0.56741	-125.7	
-0.56606	-125.7	
-0.56606	-175.7	
-0.56471	-175.7	
-0.56471	-125.7	
-0.56336	-120.7	
-0.56336	-170.7	
-0.562	-170.7	
-0.562	-125.7	
-0.56065	-120.7	
-0.56065	-175.7	
-0.55929	-180.7	
-0.55929	-125.7	
-0.55793	-125.7	
-0.55793	-180.7	
-0.55658	-165.7	
-0.55658	-125.7	
-0.55523	-120.7	
-0.55523	-180.7	
-0.55387	-200.7	
-0.55387	-120.7	
-0.55252	-125.7	
-0.55252	-175.7	
-0.55117	-170.7	
-0.55117	-115.7	
-0.54981	-110.7	
-0.54981	-180.7	
-0.54845	-170.7	
-0.54845	-125.7	
-0.5471	-130.7	
-0.5471	-170.7	
-0.54575	-175.7	
-0.54575	-125.7	
-0.54439	-125.7	
-0.54439	-175.7	
-0.54304	-180.7	
-0.54304	-125.7	
-0.54169	-115.7	
-0.54169	-165.7	
-0.54033	-180.7	
-0.54033	-110.7	
-0.53897	-125.7	
-0.53897	-185.7	
-0.53762	-180.7	
-0.53762	-130.7	
-0.53627	-120.7	
-0.53627	-165.7	
-0.53492	-175.7	
-0.53492	-120.7	
-0.53356	-120.7	
-0.53356	-175.7	
-0.53221	-170.7	
-0.53221	-120.7	
-0.53085	-115.7	
-0.53085	-165.7	
-0.52949	-170.7	
-0.52949	-130.7	
-0.52814	-125.7	
-0.52814	-180.7	
-0.52679	-170.7	
-0.52679	-125.7	
-0.52543	-125.7	
-0.52543	-170.7	
-0.52408	-170.7	
-0.52408	-120.7	
-0.52272	-120.7	
-0.52272	-180.7	
-0.52137	-185.7	
-0.52137	-115.7	
-0.52001	-110.7	
-0.52001	-175.7	
-0.51866	-180.7	
-0.51866	-125.7	
-0.51731	-125.7	
-0.51731	-170.7	
-0.51595	-190.7	
-0.51595	-120.7	
-0.5146	-115.7	
-0.5146	-170.7	
-0.51325	-195.7	
-0.51325	-120.7	
-0.51189	-125.7	
-0.51189	-175.7	
-0.51053	-185.7	
-0.51053	-115.7	
-0.50918	-125.7	
-0.50918	-180.7	
-0.50783	-170.7	
-0.50783	-130.7	
-0.50647	-125.7	
-0.50647	-170.7	
-0.50512	-170.7	
-0.50512	-115.7	
-0.50377	-115.7	
-0.50377	-180.7	
-0.50241	-190.7	
-0.50241	-130.7	
-0.50105	-120.7	
-0.50105	-185.7	
-0.4997	-180.7	
-0.4997	-120.7	
-0.49835	-130.7	
-0.49835	-170.7	
-0.49699	-185.7	
-0.49699	-130.7	
-0.49564	-120.7	
-0.49564	-175.7	
-0.49428	-175.7	
-0.49428	-125.7	
-0.49293	-120.7	
-0.49293	-175.7	
-0.49157	-180.7	
-0.49157	-105.7	
-0.49022	-125.7	
-0.49022	-170.7	
-0.48887	-185.7	
-0.48887	-125.7	
-0.48751	-125.7	
-0.48751	-175.7	
-0.48616	-170.7	
-0.48616	-125.7	
-0.4848	-125.7	
-0.4848	-170.7	
-0.48345	-195.7	
-0.48345	-125.7	
-0.4821	-125.7	
-0.4821	-170.7	
-0.48074	-180.7	
-0.48074	-120.7	
-0.47939	-130.7	
-0.47939	-165.7	
-0.47804	-165.7	
-0.47804	-130.7	
-0.47668	-130.7	
-0.47668	-170.7	
-0.47533	-175.7	
-0.47533	-120.7	
-0.47397	-120.7	
-0.47397	-165.7	
-0.47261	-170.7	
-0.47261	-120.7	
-0.47126	-105.7	
-0.47126	-185.7	
-0.46991	-185.7	
-0.46991	-115.7	
-0.46855	-120.7	
-0.46855	-185.7	
-0.4672	-165.7	
-0.4672	-125.7	
-0.46585	-115.7	
-0.46585	-170.7	
-0.46449	-170.7	
-0.46449	-125.7	
-0.46314	-125.7	
-0.46314	-175.7	
-0.46178	-175.7	
-0.46178	-120.7	
-0.46043	-115.7	
-0.46043	-185.7	
-0.45907	-170.7	
-0.45907	-130.7	
-0.45772	-125.7	
-0.45772	-170.7	
-0.45637	-180.7	
-0.45637	-130.7	
-0.45501	-120.7	
-0.45501	-170.7	
-0.45366	-180.7	
-0.45366	-125.7	
-0.4523	-125.7	
-0.4523	-170.7	
-0.45095	-180.7	
-0.45095	-115.7	
-0.44959	-125.7	
-0.44959	-175.7	
-0.44824	-180.7	
-0.44824	-125.7	
-0.44689	-125.7	
-0.44689	-170.7	
-0.44553	-170.7	
-0.44553	-120.7	
-0.44418	-120.7	
-0.44418	-170.7	
-0.44282	-165.7	
-0.44282	-120.7	
-0.44147	-115.7	
-0.44147	-170.7	
-0.44011	-170.7	
-0.44011	-130.7	
-0.43876	-125.7	
-0.43876	-170.7	
-0.4374	-170.7	
-0.4374	-125.7	
-0.43605	-125.7	
-0.43605	-180.7	
-0.4347	-175.7	
-0.4347	-125.7	
-0.43334	-120.7	
-0.43334	-170.7	
-0.43199	-190.7	
-0.43199	-120.7	
-0.43063	-125.7	
-0.43063	-170.7	
-0.42928	-185.7	
-0.42928	-130.7	
-0.42793	-125.7	
-0.42793	-165.7	
-0.42657	-165.7	
-0.42657	-125.7	
-0.42522	-125.7	
-0.42522	-170.7	
-0.42386	-170.7	
-0.42386	-115.7	
-0.42251	-130.7	
-0.42251	-175.7	
-0.42115	-185.7	
-0.42115	-115.7	
-0.4198	-125.7	
-0.4198	-185.7	
-0.41845	-170.7	
-0.41845	-125.7	
-0.41709	-125.7	
-0.41709	-180.7	
-0.41573	-180.7	
-0.41573	-125.7	
-0.41438	-120.7	
-0.41438	-170.7	
-0.41303	-180.7	
-0.41303	-120.7	
-0.41167	-115.7	
-0.41167	-170.7	
-0.41032	-170.7	
-0.41032	-125.7	
-0.40896	-130.7	
-0.40896	-170.7	
-0.40761	-165.7	
-0.40761	-130.7	
-0.40625	-120.7	
-0.40625	-175.7	
-0.4049	-170.7	
-0.4049	-120.7	
-0.40355	-125.7	
-0.40355	-175.7	
-0.40219	-185.7	
-0.40219	-120.7	
-0.40084	-115.7	
-0.40084	-170.7	
-0.39949	-170.7	
-0.39949	-130.7	
-0.39813	-125.7	
-0.39813	-170.7	
-0.39677	-170.7	
-0.39677	-125.7	
-0.39542	-120.7	
-0.39542	-175.7	
-0.39407	-165.7	
-0.39407	-125.7	
-0.39271	-125.7	
-0.39271	-185.7	
-0.39136	-180.7	
-0.39136	-120.7	
-0.39001	-125.7	
-0.39001	-180.7	
-0.38865	-170.7	
-0.38865	-125.7	
-0.3873	-125.7	
-0.3873	-165.7	
-0.38594	-180.7	
-0.38594	-120.7	
-0.38459	-115.7	
-0.38459	-170.7	
-0.38323	-170.7	
-0.38323	-125.7	
-0.38188	-125.7	
-0.38188	-165.7	
-0.38052	-180.7	
-0.38052	-115.7	
-0.37917	-125.7	
-0.37917	-175.7	
-0.37782	-170.7	
-0.37782	-130.7	
-0.37646	-125.7	
-0.37646	-165.7	
-0.37511	-175.7	
-0.37511	-120.7	
-0.37375	-125.7	
-0.37375	-165.7	
-0.3724	-170.7	
-0.3724	-125.7	
-0.37105	-120.7	
-0.37105	-175.7	
-0.36969	-185.7	
-0.36969	-125.7	
-0.36834	-125.7	
-0.36834	-170.7	
-0.36698	-170.7	
-0.36698	-125.7	
-0.36563	-125.7	
-0.36563	-170.7	
-0.36427	-190.7	
-0.36427	-125.7	
-0.36292	-125.7	
-0.36292	-175.7	
-0.36156	-175.7	
-0.36156	-115.7	
-0.36021	-120.7	
-0.36021	-180.7	
-0.35886	-165.7	
-0.35886	-130.7	
-0.3575	-130.7	
-0.3575	-165.7	
-0.35615	-170.7	
-0.35615	-120.7	
-0.35479	-110.7	
-0.35479	-175.7	
-0.35344	-190.7	
-0.35344	-125.7	
-0.35209	-115.7	
-0.35209	-185.7	
-0.35073	-195.7	
-0.35073	-125.7	
-0.34938	-125.7	
-0.34938	-165.7	
-0.34802	-165.7	
-0.34802	-125.7	
-0.34667	-125.7	
-0.34667	-170.7	
-0.34531	-180.7	
-0.34531	-125.7	
-0.34396	-120.7	
-0.34396	-180.7	
-0.34261	-165.7	
-0.34261	-125.7	
-0.34125	-125.7	
-0.34125	-185.7	
-0.33989	-180.7	
-0.33989	-125.7	
-0.33854	-130.7	
-0.33854	-180.7	
-0.33718	-165.7	
-0.33718	-125.7	
-0.33583	-120.7	
-0.33583	-180.7	
-0.33448	-180.7	
-0.33448	-120.7	
-0.33312	-125.7	
-0.33312	-165.7	
-0.33177	-180.7	
-0.33177	-125.7	
-0.33041	-110.7	
-0.33041	-185.7	
-0.32906	-175.7	
-0.32906	-120.7	
-0.3277	-125.7	
-0.3277	-175.7	
-0.32635	-185.7	
-0.32635	-125.7	
-0.325	-120.7	
-0.325	-175.7	
-0.32364	-180.7	
-0.32364	-125.7	
-0.32229	-125.7	
-0.32229	-170.7	
-0.32093	-175.7	
-0.32093	-115.7	
-0.31958	-120.7	
-0.31958	-170.7	
-0.31822	-180.7	
-0.31822	-120.7	
-0.31687	-120.7	
-0.31687	-170.7	
-0.31552	-185.7	
-0.31552	-115.7	
-0.31416	-115.7	
-0.31416	-175.7	
-0.31281	-170.7	
-0.31281	-120.7	
-0.31146	-120.7	
-0.31146	-180.7	
-0.3101	-175.7	
-0.3101	-115.7	
-0.30875	-125.7	
-0.30875	-180.7	
-0.30739	-170.7	
-0.30739	-125.7	
-0.30604	-120.7	
-0.30604	-170.7	
-0.30468	-170.7	
-0.30468	-120.7	
-0.30333	-120.7	
-0.30333	-170.7	
-0.30198	-175.7	
-0.30198	-125.7	
-0.30062	-110.7	
-0.30062	-170.7	
-0.29926	-165.7	
-0.29926	-125.7	
-0.29791	-130.7	
-0.29791	-165.7	
-0.29656	-175.7	
-0.29656	-120.7	
-0.2952	-115.7	
-0.2952	-180.7	
-0.29385	-180.7	
-0.29385	-115.7	
-0.2925	-115.7	
-0.2925	-170.7	
-0.29114	-180.7	
-0.29114	-120.7	
-0.28978	-125.7	
-0.28978	-170.7	
-0.28843	-165.7	
-0.28843	-125.7	
-0.28708	-130.7	
-0.28708	-180.7	
-0.28572	-165.7	
-0.28572	-120.7	
-0.28437	-125.7	
-0.28437	-175.7	
-0.28302	-170.7	
-0.28302	-125.7	
-0.28166	-115.7	
-0.28166	-180.7	
-0.2803	-180.7	
-0.2803	-115.7	
-0.27895	-130.7	
-0.27895	-180.7	
-0.2776	-185.7	
-0.2776	-120.7	
-0.27624	-115.7	
-0.27624	-165.7	
-0.27489	-165.7	
-0.27489	-120.7	
-0.27353	-125.7	
-0.27353	-180.7	
-0.27218	-180.7	
-0.27218	-120.7	
-0.27082	-110.7	
-0.27082	-180.7	
-0.26947	-175.7	
-0.26947	-120.7	
-0.26812	-120.7	
-0.26812	-175.7	
-0.26676	-175.7	
-0.26676	-125.7	
-0.26541	-115.7	
-0.26541	-180.7	
-0.26405	-170.7	
-0.26405	-120.7	
-0.2627	-120.7	
-0.2627	-170.7	
-0.26134	-205.7	
-0.26134	-110.7	
-0.25999	-115.7	
-0.25999	-165.7	
-0.25864	-175.7	
-0.25864	-125.7	
-0.25728	-125.7	
-0.25728	-180.7	
-0.25593	-170.7	
-0.25593	-115.7	
-0.25457	-115.7	
-0.25457	-165.7	
-0.25322	-175.7	
-0.25322	-120.7	
-0.25186	-125.7	
-0.25186	-165.7	
-0.25051	-170.7	
-0.25051	-115.7	
-0.24916	-130.7	
-0.24916	-165.7	
-0.2478	-175.7	
-0.2478	-125.7	
-0.24645	-125.7	
-0.24645	-190.7	
-0.24509	-195.7	
-0.24509	-125.7	
-0.24374	-115.7	
-0.24374	-170.7	
-0.24238	-175.7	
-0.24238	-125.7	
-0.24103	-120.7	
-0.24103	-185.7	
-0.23968	-165.7	
-0.23968	-105.7	
-0.23832	-125.7	
-0.23832	-185.7	
-0.23697	-165.7	
-0.23697	-130.7	
-0.23561	-120.7	
-0.23561	-195.7	
-0.23426	-175.7	
-0.23426	-120.7	
-0.2329	-120.7	
-0.2329	-165.7	
-0.23155	-185.7	
-0.23155	-120.7	
-0.2302	-115.7	
-0.2302	-175.7	
-0.22884	-170.7	
-0.22884	-125.7	
-0.22749	-130.7	
-0.22749	-170.7	
-0.22613	-175.7	
-0.22613	-120.7	
-0.22478	-125.7	
-0.22478	-185.7	
-0.22342	-190.7	
-0.22342	-125.7	
-0.22207	-125.7	
-0.22207	-170.7	
-0.22072	-190.7	
-0.22072	-110.7	
-0.21937	-120.7	
-0.21937	-180.7	
-0.21801	-170.7	
-0.21801	-125.7	
-0.21665	-125.7	
-0.21665	-185.7	
-0.2153	-175.7	
-0.2153	-125.7	
-0.21394	-115.7	
-0.21394	-170.7	
-0.21259	-180.7	
-0.21259	-120.7	
-0.21124	-115.7	
-0.21124	-180.7	
-0.20988	-180.7	
-0.20988	-125.7	
-0.20853	-125.7	
-0.20853	-165.7	
-0.20717	-165.7	
-0.20717	-125.7	
-0.20582	-120.7	
-0.20582	-175.7	
-0.20447	-175.7	
-0.20447	-125.7	
-0.20311	-120.7	
-0.20311	-190.7	
-0.20176	-180.7	
-0.20176	-120.7	
-0.2004	-110.7	
-0.2004	-180.7	
-0.19905	-180.7	
-0.19905	-125.7	
-0.19769	-120.7	
-0.19769	-185.7	
-0.19634	-170.7	
-0.19634	-125.7	
-0.19498	-120.7	
-0.19498	-185.7	
-0.19363	-175.7	
-0.19363	-120.7	
-0.19228	-105.7	
-0.19228	-175.7	
-0.19092	-180.7	
-0.19092	-125.7	
-0.18957	-120.7	
-0.18957	-190.7	
-0.18821	-180.7	
-0.18821	-130.7	
-0.18686	-125.7	
-0.18686	-165.7	
-0.1855	-190.7	
-0.1855	-120.7	
-0.18415	-125.7	
-0.18415	-175.7	
-0.1828	-170.7	
-0.1828	-125.7	
-0.18145	-125.7	
-0.18145	-170.7	
-0.18009	-175.7	
-0.18009	-115.7	
-0.17873	-125.7	
-0.17873	-170.7	
-0.17738	-170.7	
-0.17738	-125.7	
-0.17602	-115.7	
-0.17602	-195.7	
-0.17467	-170.7	
-0.17467	-120.7	
-0.17332	-125.7	
-0.17332	-170.7	
-0.17197	-180.7	
-0.17197	-125.7	
-0.17061	-120.7	
-0.17061	-180.7	
-0.16925	-170.7	
-0.16925	-125.7	
-0.1679	-125.7	
-0.1679	-190.7	
-0.16655	-185.7	
-0.16655	-120.7	
-0.16519	-115.7	
-0.16519	-180.7	
-0.16384	-170.7	
-0.16384	-125.7	
-0.16248	-120.7	
-0.16248	-175.7	
-0.16113	-180.7	
-0.16113	-115.7	
-0.15977	-125.7	
-0.15977	-185.7	
-0.15842	-165.7	
-0.15842	-120.7	
-0.15706	-120.7	
-0.15706	-170.7	
-0.15571	-185.7	
-0.15571	-120.7	
-0.15436	-120.7	
-0.15436	-175.7	
-0.153	-175.7	
-0.153	-120.7	
-0.15165	-125.7	
-0.15165	-170.7	
-0.15029	-180.7	
-0.15029	-125.7	
-0.14894	-125.7	
-0.14894	-165.7	
-0.14758	-170.7	
-0.14758	-125.7	
-0.14623	-125.7	
-0.14623	-170.7	
-0.14488	-190.7	
-0.14488	-125.7	
-0.14353	-125.7	
-0.14353	-185.7	
-0.14217	-165.7	
-0.14217	-120.7	
-0.14081	-110.7	
-0.14081	-185.7	
-0.13946	-175.7	
-0.13946	-125.7	
-0.1381	-125.7	
-0.1381	-165.7	
-0.13675	-170.7	
-0.13675	-125.7	
-0.1354	-125.7	
-0.1354	-200.7	
-0.13404	-180.7	
-0.13404	-115.7	
-0.13269	-120.7	
-0.13269	-190.7	
-0.13133	-185.7	
-0.13133	-125.7	
-0.12998	-125.7	
-0.12998	-165.7	
-0.12863	-170.7	
-0.12863	-110.7	
-0.12727	-125.7	
-0.12727	-185.7	
-0.12592	-185.7	
-0.12592	-120.7	
-0.12456	-120.7	
-0.12456	-165.7	
-0.12321	-180.7	
-0.12321	-120.7	
-0.12185	-120.7	
-0.12185	-185.7	
-0.1205	-185.7	
-0.1205	-125.7	
-0.11914	-125.7	
-0.11914	-165.7	
-0.11779	-170.7	
-0.11779	-120.7	
-0.11643	-125.7	
-0.11643	-165.7	
-0.11508	-185.7	
-0.11508	-115.7	
-0.11373	-115.7	
-0.11373	-185.7	
-0.11237	-185.7	
-0.11237	-120.7	
-0.11102	-115.7	
-0.11102	-180.7	
-0.10966	-185.7	
-0.10966	-115.7	
-0.10831	-120.7	
-0.10831	-175.7	
-0.10695	-185.7	
-0.10695	-120.7	
-0.1056	-120.7	
-0.1056	-175.7	
-0.10425	-180.7	
-0.10425	-115.7	
-0.10289	-125.7	
-0.10289	-180.7	
-0.10154	-170.7	
-0.10154	-110.7	
-0.10018	-115.7	
-0.10018	-190.7	
-0.09883	-180.7	
-0.09883	-120.7	
-0.09747	-125.7	
-0.09747	-165.7	
-0.09612	-175.7	
-0.09612	-120.7	
-0.09477	-120.7	
-0.09477	-175.7	
-0.09341	-185.7	
-0.09341	-125.7	
-0.09206	-110.7	
-0.09206	-170.7	
-0.0907	-180.7	
-0.0907	-110.7	
-0.08935	-125.7	
-0.08935	-185.7	
-0.08799	-175.7	
-0.08799	-125.7	
-0.08664	-125.7	
-0.08664	-180.7	
-0.08529	-200.7	
-0.08529	-115.7	
-0.08393	-120.7	
-0.08393	-195.7	
-0.08258	-175.7	
-0.08258	-125.7	
-0.08122	-120.7	
-0.08122	-185.7	
-0.07987	-185.7	
-0.07987	-120.7	
-0.07851	-125.7	
-0.07851	-180.7	
-0.07716	-170.7	
-0.07716	-120.7	
-0.07581	-115.7	
-0.07581	-180.7	
-0.07445	-175.7	
-0.07445	-120.7	
-0.0731	-120.7	
-0.0731	-185.7	
-0.07174	-190.7	
-0.07174	-115.7	
-0.07039	-120.7	
-0.07039	-180.7	
-0.06903	-185.7	
-0.06903	-125.7	
-0.06768	-125.7	
-0.06768	-180.7	
-0.06633	-180.7	
-0.06633	-120.7	
-0.06497	-120.7	
-0.06497	-185.7	
-0.06362	-185.7	
-0.06362	-120.7	
-0.06226	-125.7	
-0.06226	-185.7	
-0.06091	-175.7	
-0.06091	-115.7	
-0.05955	-115.7	
-0.05955	-185.7	
-0.0582	-180.7	
-0.0582	-125.7	
-0.05685	-125.7	
-0.05685	-185.7	
-0.05549	-190.7	
-0.05549	-120.7	
-0.05414	-125.7	
-0.05414	-185.7	
-0.05278	-180.7	
-0.05278	-120.7	
-0.05143	-120.7	
-0.05143	-170.7	
-0.05007	-180.7	
-0.05007	-110.7	
-0.04872	-125.7	
-0.04872	-165.7	
-0.04737	-190.7	
-0.04737	-125.7	
-0.04601	-125.7	
-0.04601	-190.7	
-0.04466	-190.7	
-0.04466	-115.7	
-0.0433	-120.7	
-0.0433	-190.7	
-0.04195	-180.7	
-0.04195	-125.7	
-0.04059	-110.7	
-0.04059	-200.7	
-0.03924	-180.7	
-0.03924	-125.7	
-0.03789	-125.7	
-0.03789	-190.7	
-0.03653	-180.7	
-0.03653	-120.7	
-0.03518	-120.7	
-0.03518	-170.7	
-0.03382	-175.7	
-0.03382	-120.7	
-0.03247	-125.7	
-0.03247	-185.7	
-0.03111	-195.7	
-0.03111	-125.7	
-0.02976	-120.7	
-0.02976	-185.7	
-0.02841	-185.7	
-0.02841	-125.7	
-0.02705	-120.7	
-0.02705	-180.7	
-0.0257	-185.7	
-0.0257	-120.7	
-0.02434	-125.7	
-0.02434	-195.7	
-0.02299	-185.7	
-0.02299	-115.7	
-0.02163	-125.7	
-0.02163	-175.7	
-0.02028	-185.7	
-0.02028	-120.7	
-0.01893	-125.7	
-0.01893	-175.7	
-0.01757	-185.7	
-0.01757	-125.7	
-0.01622	-120.7	
-0.01622	-185.7	
-0.01486	-190.7	
-0.01486	-120.7	
-0.01351	-120.7	
-0.01351	-195.7	
-0.01215	-190.7	
-0.01215	-120.7	
-0.0108	-125.7	
-0.0108	-180.7	
-0.00945	-165.7	
-0.00945	9625	
-0.00809	2.17E+4	
-0.00809	9615	
-0.00674	2.178E+4	
-0.00674	3.027E+4	
-0.00538	3.703E+4	
-0.00538	3.035E+4	
-0.00403	3.705E+4	
-0.00403	4.177E+4	
-0.00267	4.534E+4	
-0.00267	4.183E+4	
-0.00132	4.532E+4	
-0.00132	4.642E+4	
3.00119E-5	4.639E+4	
3.00119E-5	4.529E+4	
0.00139	4.151E+4	
0.00139	4.612E+4	
0.00274	4.151E+4	
0.00274	2.386E+4	
0.0041	9260	
0.0041	2.37E+4	
0.00545	9250	
0.00545	3014	
0.00681	819.3	
0.00681	2984	
0.00816	809.3	
0.00816	-60.73	
0.00951	-265.7	
0.00951	-25.73	
0.01087	-205.7	
0.01087	-320.7	
0.01222	-415.7	
0.01222	-300.7	
0.01358	-390.7	
0.01358	-545.7	
0.01493	-705.7	
0.01493	-530.7	
0.01629	-655.7	
0.01629	-805.8	
0.01764	-900.8	
0.01764	-775.8	
0.01899	-870.8	
0.01899	-960.8	
0.02035	-1011	
0.02035	-930.8	
0.0217	-990.8	
0.0217	-1036	
0.02306	-1051	
0.02306	-995.8	
0.02441	-285.7	
0.02441	-1851	
0.02577	-1096	
0.02577	-1026	
0.02712	-1026	
0.02712	-1096	
0.02847	-1096	
0.02847	-1026	
0.02983	-1056	
0.02983	-1106	
0.03118	-1111	
0.03118	-1071	
0.03254	-1066	
0.03254	-1111	
0.03389	-1126	
0.03389	-1061	
0.03525	-1061	
0.03525	-1121	
0.0366	-1111	
0.0366	-1056	
0.03795	-1061	
0.03795	-1136	
0.03931	-1121	
0.03931	-1051	
0.04066	-1061	
0.04066	-1111	
0.04202	-1106	
0.04202	-1066	
0.04337	-1056	
0.04337	-1111	
0.04473	-1116	
0.04473	-1046	
0.04608	-1061	
0.04608	-1101	
0.04743	-1111	
0.04743	-1061	
0.04879	-1061	
0.04879	-1106	
0.05014	-1101	
0.05014	-1051	
0.0515	-1056	
0.0515	-1106	
0.05285	-1091	
0.05285	-1051	
0.05421	-1046	
0.05421	-1101	
0.05556	-1101	
0.05556	-1046	
0.05691	-1041	
0.05691	-1106	
0.05827	-1096	
0.05827	-1041	
0.05962	-1046	
0.05962	-1101	
0.06098	-1091	
0.06098	-1046	
0.06233	-1051	
0.06233	-1111	
0.06368	-1096	
0.06368	-1046	
0.06504	-1046	
0.06504	-1106	
0.06639	-1096	
0.06639	-1036	
0.06775	-1041	
0.06775	-1101	
0.0691	-1111	
0.0691	-1041	
0.07046	-1041	
0.07046	-1101	
0.07181	-1091	
0.07181	-1041	
0.07317	-1046	
0.07317	-1096	
0.07452	-1101	
0.07452	-1046	
0.07587	-1041	
0.07587	-1096	
0.07723	-1091	
0.07723	-1026	
0.07858	-1031	
0.07858	-1091	
0.07994	-1091	
0.07994	-1036	
0.08129	-1046	
0.08129	-1091	
0.08265	-1086	
0.08265	-1031	
0.084	-1041	
0.084	-1086	
0.08535	-1081	
0.08535	-1026	
0.08671	-1031	
0.08671	-1096	
0.08806	-1091	
0.08806	-1021	
0.08942	-1021	
0.08942	-1096	
0.09077	-1071	
0.09077	-1036	
0.09213	-1016	
0.09213	-1076	
0.09348	-1056	
0.09348	-1001	
0.09483	-1001	
0.09483	-1056	
0.09619	-1051	
0.09619	-995.8	
0.09754	-985.8	
0.09754	-1051	
0.0989	-1046	
0.0989	-990.8	
0.10025	-990.8	
0.10025	-1046	
0.10161	-1031	
0.10161	-990.8	
0.10296	-1001	
0.10296	-1026	
0.10432	-1051	
0.10432	-990.8	
0.10567	-1001	
0.10567	-1056	
0.10702	-1066	
0.10702	-995.8	
0.10838	-1006	
0.10838	-1071	
0.10973	-1091	
0.10973	-1021	
0.11109	-1031	
0.11109	-1081	
0.11244	-1091	
0.11244	-1041	
0.1138	-1041	
0.1138	-1096	
0.11515	-1101	
0.11515	-1041	
0.1165	-1031	
0.1165	-1101	
0.11786	-1106	
0.11786	-1041	
0.11921	-1061	
0.11921	-1101	
0.12057	-1096	
0.12057	-1061	
0.12192	-1046	
0.12192	-1091	
0.12328	-1101	
0.12328	-1056	
0.12463	-1041	
0.12463	-1106	
0.12598	-1106	
0.12598	-1041	
0.12733	-1046	
0.12733	-1096	
0.12869	-1096	
0.12869	-1036	
0.13004	-1046	
0.13004	-1101	
0.1314	-1091	
0.1314	-1046	
0.13276	-1046	
0.13276	-1091	
0.13411	-1096	
0.13411	-1041	
0.13546	-1036	
0.13546	-1096	
0.13681	-1096	
0.13681	-1046	
0.13817	-1041	
0.13817	-1096	
0.13952	-1101	
0.13952	-1041	
0.14088	-1046	
0.14088	-1091	
0.14224	-1096	
0.14224	-1046	
0.14359	-1041	
0.14359	-1096	
0.14494	-1096	
0.14494	-1036	
0.14629	-1031	
0.14629	-1091	
0.14765	-1091	
0.14765	-1046	
0.149	-1031	
0.149	-1096	
0.15036	-1091	
0.15036	-1036	
0.15172	-1041	
0.15172	-1086	
0.15307	-1086	
0.15307	-1041	
0.15442	-1041	
0.15442	-1096	
0.15577	-1096	
0.15577	-1031	
0.15713	-1046	
0.15713	-1091	
0.15848	-1091	
0.15848	-1026	
0.15984	-1031	
0.15984	-1101	
0.1612	-1091	
0.1612	-1031	
0.16255	-1036	
0.16255	-1086	
0.1639	-1081	
0.1639	-1021	
0.16525	-1026	
0.16525	-1091	
0.16661	-1091	
0.16661	-1026	
0.16796	-1026	
0.16796	-1076	
0.16932	-1076	
0.16932	-1006	
0.17068	-1026	
0.17068	-1076	
0.17203	-1071	
0.17203	-1006	
0.17338	-1006	
0.17338	-1071	
0.17473	-1056	
0.17473	-1001	
0.17609	-1001	
0.17609	-1076	
0.17744	-1071	
0.17744	-1001	
0.1788	-1011	
0.1788	-1091	
0.18016	-1091	
0.18016	-1006	
0.18151	-1036	
0.18151	-1091	
0.18286	-1091	
0.18286	-1046	
0.18421	-1041	
0.18421	-1091	
0.18557	-1101	
0.18557	-1031	
0.18692	-1036	
0.18692	-1096	
0.18828	-1091	
0.18828	-1031	
0.18964	-1026	
0.18964	-1086	
0.19099	-1086	
0.19099	-1031	
0.19234	-1026	
0.19234	-1081	
0.19369	-1096	
0.19369	-1021	
0.19505	-1006	
0.19505	-1071	
0.1964	-1076	
0.1964	-1011	
0.19776	-1001	
0.19776	-1066	
0.19912	-1076	
0.19912	-1001	
0.20047	-1006	
0.20047	-1081	
0.20182	-1066	
0.20182	-1006	
0.20317	-1006	
0.20317	-1056	
0.20453	-1066	
0.20453	-995.8	
0.20588	-995.8	
0.20588	-1061	
0.20724	-1061	
0.20724	-995.8	
0.2086	-995.8	
0.2086	-1051	
0.20995	-1061	
0.20995	-995.8	
0.2113	-1001	
0.2113	-1056	
0.21265	-1036	
0.21265	-990.8	
0.21401	-990.8	
0.21401	-1036	
0.21536	-1046	
0.21536	-990.8	
0.21672	-980.8	
0.21672	-1036	
0.21808	-1036	
0.21808	-990.8	
0.21943	-985.8	
0.21943	-1041	
0.22078	-1031	
0.22078	-990.8	
0.22214	-990.8	
0.22214	-1031	
0.22349	-1031	
0.22349	-990.8	
0.22484	-970.8	
0.22484	-1036	
0.2262	-1016	
0.2262	-950.8	
0.22756	-950.8	
0.22756	-1016	
0.22891	-1016	
0.22891	-950.8	
0.23026	-945.8	
0.23026	-1026	
0.23162	-1011	
0.23162	-945.8	
0.23297	-945.8	
0.23297	-1011	
0.23432	-1011	
0.23432	-940.8	
0.23568	-945.8	
0.23568	-1011	
0.23704	-1011	
0.23704	-945.8	
0.23839	-935.8	
0.23839	-1016	
0.23974	-990.8	
0.23974	-940.8	
0.2411	-950.8	
0.2411	-990.8	
0.24245	-1016	
0.24245	-945.8	
0.2438	-950.8	
0.2438	-1011	
0.24516	-990.8	
0.24516	-940.8	
0.24652	-935.8	
0.24652	-995.8	
0.24787	-995.8	
0.24787	-940.8	
0.24922	-930.8	
0.24922	-1011	
0.25058	-990.8	
0.25058	-925.8	
0.25193	-945.8	
0.25193	-985.8	
0.25329	-975.8	
0.25329	-940.8	
0.25464	-930.8	
0.25464	-980.8	
0.256	-980.8	
0.256	-940.8	
0.25735	-940.8	
0.25735	-980.8	
0.2587	-980.8	
0.2587	-930.8	
0.26006	-925.8	
0.26006	-985.8	
0.26141	-980.8	
0.26141	-935.8	
0.26277	-930.8	
0.26277	-975.8	
0.26412	-975.8	
0.26412	-930.8	
0.26548	-925.8	
0.26548	-980.8	
0.26683	-980.8	
0.26683	-925.8	
0.26818	-920.8	
0.26818	-980.8	
0.26954	-985.8	
0.26954	-920.8	
0.27089	-930.8	
0.27089	-1026	
0.27225	-975.8	
0.27225	-930.8	
0.2736	-925.8	
0.2736	-975.8	
0.27496	-975.8	
0.27496	-920.8	
0.27631	-920.8	
0.27631	-985.8	
0.27766	-980.8	
0.27766	-925.8	
0.27902	-930.8	
0.27902	-985.8	
0.28037	-1016	
0.28037	-945.8	
0.28173	-950.8	
0.28173	-1016	
0.28308	-1031	
0.28308	-965.8	
0.28444	-970.8	
0.28444	-1026	
0.28579	-1036	
0.28579	-965.8	
0.28714	-960.8	
0.28714	-1016	
0.2885	-1016	
0.2885	-950.8	
0.28985	-940.8	
0.28985	-1011	
0.29121	-985.8	
0.29121	-945.8	
0.29256	-935.8	
0.29256	-980.8	
0.29392	-975.8	
0.29392	-910.8	
0.29527	-915.8	
0.29527	-975.8	
0.29662	-975.8	
0.29662	-910.8	
0.29798	-890.8	
0.29798	-955.8	
0.29933	-960.8	
0.29933	-880.8	
0.30069	-890.8	
0.30069	-950.8	
0.30204	-950.8	
0.30204	-885.8	
0.3034	-890.8	
0.3034	-945.8	
0.30475	-950.8	
0.30475	-875.8	
0.3061	-885.8	
0.3061	-945.8	
0.30746	-940.8	
0.30746	-885.8	
0.30881	-875.8	
0.30881	-950.8	
0.31017	-945.8	
0.31017	-885.8	
0.31152	-880.8	
0.31152	-935.8	
0.31288	-930.8	
0.31288	-880.8	
0.31423	-880.8	
0.31423	-920.8	
0.31558	-935.8	
0.31558	-885.8	
0.31694	-885.8	
0.31694	-945.8	
0.31829	-940.8	
0.31829	-875.8	
0.31965	-875.8	
0.31965	-925.8	
0.321	-915.8	
0.321	-885.8	
0.32236	-890.8	
0.32236	-915.8	
0.32371	-915.8	
0.32371	-880.8	
0.32506	-880.8	
0.32506	-925.8	
0.32642	-925.8	
0.32642	-875.8	
0.32777	-875.8	
0.32777	-925.8	
0.32913	-930.8	
0.32913	-875.8	
0.33048	-875.8	
0.33048	-930.8	
0.33184	-915.8	
0.33184	-875.8	
0.33319	-875.8	
0.33319	-920.8	
0.33454	-915.8	
0.33454	-870.8	
0.3359	-870.8	
0.3359	-925.8	
0.33725	-925.8	
0.33725	-875.8	
0.33861	-860.8	
0.33861	-915.8	
0.33996	-925.8	
0.33996	-860.8	
0.34132	-870.8	
0.34132	-910.8	
0.34267	-915.8	
0.34267	-870.8	
0.34402	-865.8	
0.34402	-920.8	
0.34538	-915.8	
0.34538	-850.8	
0.34673	-855.8	
0.34673	-915.8	
0.34809	-910.8	
0.34809	-865.8	
0.34944	-855.8	
0.34944	-910.8	
0.3508	-905.8	
0.3508	-860.8	
0.35215	-855.8	
0.35215	-905.8	
0.3535	-910.8	
0.3535	-845.8	
0.35486	-840.8	
0.35486	-915.8	
0.35621	-900.8	
0.35621	-845.8	
0.35757	-845.8	
0.35757	-915.8	
0.35892	-900.8	
0.35892	-840.8	
0.36028	-835.8	
0.36028	-900.8	
0.36163	-895.8	
0.36163	-840.8	
0.36298	-835.8	
0.36298	-900.8	
0.36434	-895.8	
0.36434	-830.8	
0.36569	-825.8	
0.36569	-900.8	
0.36705	-900.8	
0.36705	-830.8	
0.3684	-820.8	
0.3684	-900.8	
0.36976	-905.8	
0.36976	-820.8	
0.37111	-835.8	
0.37111	-885.8	
0.37247	-890.8	
0.37247	-830.8	
0.37382	-825.8	
0.37382	-895.8	
0.37517	-895.8	
0.37517	-830.8	
0.37653	-825.8	
0.37653	-895.8	
0.37788	-875.8	
0.37788	-820.8	
0.37924	-820.8	
0.37924	-890.8	
0.38059	-870.8	
0.38059	-835.8	
0.38195	-830.8	
0.38195	-870.8	
0.3833	-865.8	
0.3833	-830.8	
0.38465	-820.8	
0.38465	-865.8	
0.38601	-865.8	
0.38601	-810.8	
0.38736	-825.8	
0.38736	-870.8	
0.38872	-875.8	
0.38872	-825.8	
0.39007	-820.8	
0.39007	-870.8	
0.39143	-870.8	
0.39143	-820.8	
0.39278	-825.8	
0.39278	-860.8	
0.39413	-860.8	
0.39413	-810.8	
0.39549	-810.8	
0.39549	-860.8	
0.39684	-860.8	
0.39684	-805.8	
0.3982	-815.8	
0.3982	-865.8	
0.39955	-870.8	
0.39955	-810.8	
0.40091	-810.8	
0.40091	-865.8	
0.40226	-855.8	
0.40226	-810.8	
0.40361	-815.8	
0.40361	-855.8	
0.40496	-860.8	
0.40496	-805.8	
0.40632	-805.8	
0.40632	-865.8	
0.40768	-860.8	
0.40768	-810.8	
0.40903	-800.8	
0.40903	-875.8	
0.41038	-860.8	
0.41038	-800.8	
0.41174	-810.8	
0.41174	-860.8	
0.41309	-855.8	
0.41309	-810.8	
0.41445	-805.8	
0.41445	-860.8	
0.4158	-865.8	
0.4158	-795.8	
0.41716	-795.8	
0.41716	-855.8	
0.41851	-860.8	
0.41851	-800.8	
0.41986	-790.8	
0.41986	-865.8	
0.42122	-850.8	
0.42122	-795.8	
0.42257	-800.8	
0.42257	-855.8	
0.42392	-850.8	
0.42392	-795.8	
0.42528	-800.8	
0.42528	-850.8	
0.42664	-850.8	
0.42664	-795.8	
0.42799	-780.8	
0.42799	-845.8	
0.42934	-845.8	
0.42934	-775.8	
0.4307	-770.8	
0.4307	-850.8	
0.43205	-835.8	
0.43205	-775.8	
0.43341	-770.8	
0.43341	-835.8	
0.43476	-840.8	
0.43476	-770.8	
0.43612	-760.8	
0.43612	-840.8	
0.43747	-835.8	
0.43747	-775.8	
0.43882	-765.8	
0.43882	-835.8	
0.44018	-825.8	
0.44018	-760.8	
0.44153	-775.8	
0.44153	-835.8	
0.44289	-835.8	
0.44289	-770.8	
0.44424	-760.8	
0.44424	-840.8	
0.4456	-835.8	
0.4456	-765.8	
0.44695	-760.8	
0.44695	-830.8	
0.44831	-820.8	
0.44831	-760.8	
0.44966	-750.8	
0.44966	-815.8	
0.45101	-815.8	
0.45101	-770.8	
0.45236	-775.8	
0.45236	-810.8	
0.45372	-810.8	
0.45372	-770.8	
0.45508	-765.8	
0.45508	-810.8	
0.45643	-820.8	
0.45643	-760.8	
0.45779	-760.8	
0.45779	-810.8	
0.45914	-805.8	
0.45914	-755.8	
0.46049	-760.8	
0.46049	-815.8	
0.46185	-800.8	
0.46185	-770.8	
0.4632	-770.8	
0.4632	-795.8	
0.46456	-800.8	
0.46456	-765.8	
0.46591	-750.8	
0.46591	-805.8	
0.46727	-800.8	
0.46727	-750.8	
0.46862	-750.8	
0.46862	-800.8	
0.46997	-795.8	
0.46997	-750.8	
0.47132	-755.8	
0.47132	-800.8	
0.47268	-795.8	
0.47268	-760.8	
0.47404	-755.8	
0.47404	-805.8	
0.47539	-800.8	
0.47539	-755.8	
0.47674	-755.8	
0.47674	-800.8	
0.4781	-810.8	
0.4781	-760.8	
0.47945	-755.8	
0.47945	-810.8	
0.48081	-795.8	
0.48081	-755.8	
0.48216	-755.8	
0.48216	-800.8	
0.48351	-795.8	
0.48351	-755.8	
0.48487	-725.8	
0.48487	-800.8	
0.48623	-800.8	
0.48623	-740.8	
0.48758	-740.8	
0.48758	-800.8	
0.48893	-795.8	
0.48893	-740.8	
0.49028	-735.8	
0.49028	-805.8	
0.49164	-790.8	
0.49164	-740.8	
0.49299	-735.8	
0.49299	-795.8	
0.49435	-795.8	
0.49435	-740.8	
0.49571	-730.8	
0.49571	-800.8	
0.49706	-790.8	
0.49706	-730.8	
0.49841	-720.8	
0.49841	-790.8	
0.49977	-795.8	
0.49977	-705.7	
0.50112	-720.8	
0.50112	-790.8	
0.50248	-790.8	
0.50248	-720.8	
0.50383	-720.8	
0.50383	-785.8	
0.50518	-790.8	
0.50518	-710.8	
0.50654	-710.8	
0.50654	-785.8	
0.50789	-780.8	
0.50789	-710.8	
0.50925	-710.8	
0.50925	-790.8	
0.5106	-775.8	
0.5106	-710.8	
0.51196	-715.8	
0.51196	-790.8	
0.51331	-770.8	
0.51331	-715.8	
0.51467	-710.8	
0.51467	-780.8	
0.51602	-770.8	
0.51602	-710.8	
0.51737	-710.8	
0.51737	-760.8	
0.51872	-760.8	
0.51872	-710.8	
0.52008	-700.7	
0.52008	-765.8	
0.52144	-760.8	
0.52144	-710.8	
0.52279	-715.8	
0.52279	-750.8	
0.52414	-760.8	
0.52414	-715.8	
0.5255	-700.7	
0.5255	-755.8	
0.52685	-750.8	
0.52685	-710.8	
0.5282	-710.8	
0.5282	-745.8	
0.52956	-750.8	
0.52956	-705.7	
0.53092	-705.7	
0.53092	-750.8	
0.53227	-740.8	
0.53227	-710.8	
0.53363	-710.8	
0.53363	-740.8	
0.53498	-745.8	
0.53498	-710.8	
0.53633	-705.7	
0.53633	-745.8	
0.53769	-745.8	
0.53769	-695.8	
0.53904	-695.8	
0.53904	-745.8	
0.5404	-750.8	
0.5404	-695.8	
0.54175	-710.8	
0.54175	-745.8	
0.5431	-745.8	
0.5431	-710.8	
0.54446	-705.7	
0.54446	-750.8	
0.54581	-750.8	
0.54581	-695.8	
0.54717	-695.8	
0.54717	-745.8	
0.54852	-745.8	
0.54852	-695.8	
0.54988	-685.7	
0.54988	-755.8	
0.55123	-740.8	
0.55123	-695.8	
0.55259	-690.8	
0.55259	-745.8	
0.55394	-745.8	
0.55394	-700.7	
0.55529	-680.8	
0.55529	-745.8	
0.55664	-745.8	
0.55664	-685.7	
0.558	-695.8	
0.558	-745.8	
0.55936	-755.8	
0.55936	-685.7	
0.56071	-685.7	
0.56071	-740.8	
0.56207	-740.8	
0.56207	-690.8	
0.56342	-690.8	
0.56342	-740.8	
0.56477	-750.8	
0.56477	-680.8	
0.56613	-665.8	
0.56613	-745.8	
0.56748	-745.8	
0.56748	-680.8	
0.56884	-655.7	
0.56884	-735.8	
0.57019	-735.8	
0.57019	-660.8	
0.57155	-675.8	
0.57155	-735.8	
0.5729	-730.8	
0.5729	-675.8	
0.57426	-660.8	
0.57426	-720.8	
0.57561	-735.8	
0.57561	-655.7	
0.57696	-650.8	
0.57696	-735.8	
0.57832	-730.8	
0.57832	-655.7	
0.57967	-640.7	
0.57967	-730.8	
0.58103	-725.8	
0.58103	-650.8	
0.58238	-655.7	
0.58238	-715.8	
0.58373	-720.8	
0.58373	-660.8	
0.58509	-650.8	
0.58509	-720.8	
0.58644	-715.8	
0.58644	-645.8	
0.5878	-650.8	
0.5878	-725.8	
0.58915	-710.8	
0.58915	-645.8	
0.59051	-650.8	
0.59051	-710.8	
0.59186	-700.7	
0.59186	-650.8	
0.59321	-655.7	
0.59321	-700.7	
0.59457	-700.7	
0.59457	-650.8	
0.59592	-645.8	
0.59592	-700.7	
0.59728	-715.8	
0.59728	-650.8	
0.59863	-645.8	
0.59863	-690.8	
0.59999	-700.7	
0.59999	-635.8	
0.60134	-655.7	
0.60134	-700.7	
0.60269	-690.8	
0.60269	-655.7	
0.60405	-650.8	
0.60405	-690.8	
0.6054	-690.8	
0.6054	-650.8	
0.60676	-645.8	
0.60676	-705.7	
0.60811	-690.8	
0.60811	-650.8	
0.60947	-645.8	
0.60947	-690.8	
0.61082	-685.7	
0.61082	-645.8	
0.61217	-650.8	
0.61217	-685.7	
0.61353	-685.7	
0.61353	-640.7	
0.61488	-635.8	
0.61488	-690.8	
0.61624	-685.7	
0.61624	-645.8	
0.61759	-640.7	
0.61759	-690.8	
0.61895	-690.8	
0.61895	-645.8	
0.6203	-635.8	
0.6203	-690.8	
0.62165	-680.8	
0.62165	-640.7	
0.62301	-640.7	
0.62301	-680.8	
0.62436	-695.8	
0.62436	-645.8	
0.62572	-640.7	
0.62572	-690.8	
0.62707	-685.7	
0.62707	-635.8	
0.62843	-625.7	
0.62843	-690.8	
0.62978	-700.7	
0.62978	-610.7	
0.63114	-635.8	
0.63114	-675.8	
0.63249	-680.8	
0.63249	-630.8	
0.63384	-615.8	
0.63384	-685.7	
0.6352	-680.8	
0.6352	-620.7	
0.63655	-605.7	
0.63655	-680.8	
0.63791	-685.7	
0.63791	-605.7	
0.63926	-615.8	
0.63926	-685.7	
0.64062	-685.7	
0.64062	-605.7	
0.64197	-600.8	
0.64197	-675.8	
0.64332	-680.8	
0.64332	-605.7	
0.64467	-615.8	
0.64467	-685.7	
0.64603	-680.8	
0.64603	-605.7	
0.64739	-600.8	
0.64739	-690.8	
0.64874	-670.7	
0.64874	-605.7	
0.65009	-595.7	
0.65009	-675.8	
0.65145	-675.8	
0.65145	-605.7	
0.6528	-600.8	
0.6528	-665.8	
0.65416	-670.7	
0.65416	-600.8	
0.65551	-590.7	
0.65551	-665.8	
0.65687	-660.8	
0.65687	-595.7	
0.65822	-585.8	
0.65822	-660.8	
0.65957	-660.8	
0.65957	-585.8	
0.66093	-595.7	
0.66093	-660.8	
0.66228	-675.8	
0.66228	-595.7	
0.66364	-595.7	
0.66364	-650.8	
0.66499	-655.7	
0.66499	-590.7	
0.66635	-590.7	
0.66635	-645.8	
0.6677	-635.8	
0.6677	-580.7	
0.66906	-585.8	
0.66906	-655.7	
0.67041	-645.8	
0.67041	-580.7	
0.67176	-595.7	
0.67176	-630.8	
0.67312	-630.8	
0.67312	-590.7	
0.67447	-585.8	
0.67447	-645.8	
0.67582	-635.8	
0.67582	-585.8	
0.67718	-585.8	
0.67718	-635.8	
0.67853	-635.8	
0.67853	-590.7	
0.67989	-585.8	
0.67989	-625.7	
0.68124	-625.7	
0.68124	-590.7	
0.6826	-595.7	
0.6826	-620.7	
0.68395	-625.7	
0.68395	-590.7	
0.6853	-590.7	
0.6853	-635.8	
0.68666	-625.7	
0.68666	-590.7	
0.68801	-590.7	
0.68801	-630.8	
0.68937	-635.8	
0.68937	-590.7	
0.69072	-595.7	
0.69072	-635.8	
0.69208	-625.7	
0.69208	-595.7	
0.69343	-595.7	
0.69343	-625.7	
0.69478	-625.7	
0.69478	-570.8	
0.69614	-590.7	
0.69614	-630.8	
0.6975	-625.7	
0.6975	-590.7	
0.69885	-575.7	
0.69885	-625.7	
0.7002	-635.8	
0.7002	-590.7	
0.70156	-585.8	
0.70156	-620.7	
0.70291	-620.7	
0.70291	-580.7	
0.70426	-575.7	
0.70426	-625.7	
0.70562	-635.8	
0.70562	-575.7	
0.70698	-575.7	
0.70698	-625.7	
0.70833	-625.7	
0.70833	-570.8	
0.70968	-560.7	
0.70968	-625.7	
0.71104	-620.7	
0.71104	-565.8	
0.71239	-560.7	
0.71239	-620.7	
0.71374	-625.7	
0.71374	-560.7	
0.7151	-555.8	
0.7151	-625.7	
0.71645	-625.7	
0.71645	-560.7	
0.71781	-565.8	
0.71781	-625.7	
0.71916	-625.7	
0.71916	-560.7	
0.72052	-550.8	
0.72052	-625.7	
0.72187	-625.7	
0.72187	-545.7	
0.72322	-550.8	
0.72322	-620.7	
0.72458	-620.7	
0.72458	-540.8	
0.72594	-545.7	
0.72594	-620.7	
0.72729	-630.8	
0.72729	-535.8	
0.72864	-535.8	
0.72864	-620.7	
0.73	-620.7	
0.73	-540.8	
0.73135	-540.8	
0.73135	-620.7	
0.7327	-620.7	
0.7327	-535.8	
0.73406	-535.8	
0.73406	-615.8	
0.73541	-605.7	
0.73541	-530.7	
0.73677	-535.8	
0.73677	-600.8	
0.73812	-600.8	
0.73812	-530.7	
0.73948	-520.8	
0.73948	-595.7	
0.74083	-590.7	
0.74083	-530.7	
0.74218	-535.8	
0.74218	-585.8	
0.74354	-605.7	
0.74354	-530.7	
0.74489	-525.8	
0.74489	-600.8	
0.74625	-590.7	
0.74625	-530.7	
0.7476	-525.8	
0.7476	-575.7	
0.74896	-590.7	
0.74896	-520.8	
0.75031	-525.8	
0.75031	-585.8	
0.75166	-575.7	
0.75166	-535.8	
0.75302	-530.7	
0.75302	-575.7	
0.75437	-570.8	
0.75437	-525.8	
0.75573	-530.7	
0.75573	-575.7	
0.75708	-575.7	
0.75708	-530.7	
0.75844	-525.8	
0.75844	-560.7	
0.75979	-570.8	
0.75979	-520.8	
0.76114	-535.8	
0.76114	-560.7	
0.7625	-565.8	
0.7625	-530.7	
0.76385	-535.8	
0.76385	-565.8	
0.76521	-570.8	
0.76521	-525.8	
0.76656	-530.7	
0.76656	-565.8	
0.76792	-565.8	
0.76792	-525.8	
0.76927	-525.8	
0.76927	-585.8	
0.77062	-565.8	
0.77062	-525.8	
0.77198	-530.7	
0.77198	-555.8	
0.77333	-565.8	
0.77333	-530.7	
0.77469	-530.7	
0.77469	-560.7	
0.77604	-565.8	
0.77604	-525.8	
0.7774	-530.7	
0.7774	-560.7	
0.77875	-570.8	
0.77875	-525.8	
0.7801	-525.8	
0.7801	-570.8	
0.78146	-560.7	
0.78146	-535.8	
0.78282	-530.7	
0.78282	-560.7	
0.78417	-565.8	
0.78417	-535.8	
0.78552	-525.8	
0.78552	-570.8	
0.78688	-565.8	
0.78688	-520.8	
0.78823	-525.8	
0.78823	-565.8	
0.78958	-565.8	
0.78958	-520.8	
0.79094	-525.8	
0.79094	-560.7	
0.7923	-565.8	
0.7923	-520.8	
0.79365	-520.8	
0.79365	-560.7	
0.795	-565.8	
0.795	-515.7	
0.79636	-505.8	
0.79636	-565.8	
0.79771	-565.8	
0.79771	-505.8	
0.79907	-510.8	
0.79907	-575.7	
0.80042	-570.8	
0.80042	-505.8	
0.80177	-500.7	
0.80177	-560.7	
0.80313	-560.7	
0.80313	-490.8	
0.80448	-490.8	
0.80448	-575.7	
0.80584	-565.8	
0.80584	-490.8	
0.80719	-495.8	
0.80719	-570.8	
0.80854	-570.8	
0.80854	-490.8	
0.8099	-475.8	
0.8099	-575.7	
0.81125	-555.8	
0.81125	-480.8	
0.81261	-485.7	
0.81261	-560.7	
0.81396	-555.8	
0.81396	-480.8	
0.81531	-475.8	
0.81531	-545.7	
0.81667	-550.8	
0.81667	-480.8	
0.81803	-475.8	
0.81803	-555.8	
0.81938	-560.7	
0.81938	-460.8	
0.82074	-475.8	
0.82074	-550.8	
0.82209	-560.7	
0.82209	-480.8	
0.82344	-475.8	
0.82344	-545.7	
0.82479	-535.8	
0.82479	-480.8	
0.82615	-465.8	
0.82615	-535.8	
0.8275	-530.7	
0.8275	-470.7	
0.82886	-460.8	
0.82886	-520.8	
0.83021	-520.8	
0.83021	-460.8	
0.83157	-475.8	
0.83157	-535.8	
0.83293	-520.8	
0.83293	-475.8	
0.83428	-475.8	
0.83428	-520.8	
0.83563	-520.8	
0.83563	-470.7	
0.83699	-470.7	
0.83699	-515.7	
0.83834	-515.7	
0.83834	-470.7	
0.83969	-465.8	
0.83969	-515.7	
0.84105	-520.8	
0.84105	-470.7	
0.84241	-475.8	
0.84241	-510.8	
0.84376	-505.8	
0.84376	-475.8	
0.84511	-470.7	
0.84511	-510.8	
0.84646	-510.8	
0.84646	-470.7	
0.84782	-475.8	
0.84782	-525.8	
0.84918	-520.8	
0.84918	-460.8	
0.85053	-475.8	
0.85053	-520.8	
0.85189	-510.8	
0.85189	-475.8	
0.85324	-475.8	
0.85324	-500.7	
0.85459	-505.8	
0.85459	-475.8	
0.85595	-470.7	
0.85595	-505.8	
0.8573	-505.8	
0.8573	-470.7	
0.85866	-465.8	
0.85866	-510.8	
0.86001	-510.8	
0.86001	-465.8	
0.86136	-475.8	
0.86136	-505.8	
0.86272	-505.8	
0.86272	-480.8	
0.86407	-470.7	
0.86407	-510.8	
0.86543	-510.8	
0.86543	-465.8	
0.86678	-465.8	
0.86678	-510.8	
0.86813	-505.8	
0.86813	-470.7	
0.86949	-460.8	
0.86949	-515.7	
0.87085	-510.8	
0.87085	-465.8	
0.8722	-470.7	
0.8722	-505.8	
0.87355	-500.7	
0.87355	-480.8	
0.87491	-460.8	
0.87491	-505.8	
0.87626	-515.7	
0.87626	-460.8	
0.87762	-455.7	
0.87762	-510.8	
0.87897	-515.7	
0.87897	-455.7	
0.88032	-460.8	
0.88032	-505.8	
0.88168	-500.7	
0.88168	-460.8	
0.88303	-455.7	
0.88303	-505.8	
0.88439	-505.8	
0.88439	-465.8	
0.88574	-440.7	
0.88574	-510.8	
0.88709	-520.8	
0.88709	-445.7	
0.88845	-455.7	
0.88845	-510.8	
0.88981	-520.8	
0.88981	-455.7	
0.89116	-445.7	
0.89116	-500.7	
0.89251	-505.8	
0.89251	-450.7	
0.89387	-440.7	
0.89387	-500.7	
0.89522	-500.7	
0.89522	-435.7	
0.89657	-425.7	
0.89657	-505.8	
0.89793	-505.8	
0.89793	-440.7	
0.89929	-415.7	
0.89929	-515.7	
0.90064	-515.7	
0.90064	-420.7	
0.90199	-425.7	
0.90199	-505.8	
0.90335	-495.8	
0.90335	-425.7	
0.9047	-415.7	
0.9047	-495.8	
0.90605	-510.8	
0.90605	-415.7	
0.90741	-410.7	
0.90741	-495.8	
0.90876	-495.8	
0.90876	-415.7	
0.91012	-410.7	
0.91012	-500.7	
0.91147	-470.7	
0.91147	-415.7	
0.91283	-420.7	
0.91283	-485.7	
0.91418	-495.8	
0.91418	-425.7	
0.91553	-410.7	
0.91553	-475.8	
0.91689	-475.8	
0.91689	-410.7	
0.91824	-405.7	
0.91824	-475.8	
0.9196	-475.8	
0.9196	-405.7	
0.92095	-410.7	
0.92095	-480.8	
0.92231	-475.8	
0.92231	-415.7	
0.92366	-415.7	
0.92366	-485.7	
0.92501	-465.8	
0.92501	-405.7	
0.92637	-410.7	
0.92637	-470.7	
0.92773	-450.7	
0.92773	-410.7	
0.92908	-405.7	
0.92908	-470.7	
0.93043	-460.8	
0.93043	-400.7	
0.93179	-415.7	
0.93179	-440.7	
0.93314	-455.7	
0.93314	-410.7	
0.9345	-415.7	
0.9345	-445.7	
0.93585	-445.7	
0.93585	-410.7	
0.93721	-410.7	
0.93721	-465.8	
0.93856	-445.7	
0.93856	-410.7	
0.93991	-405.7	
0.93991	-460.8	
0.94126	-460.8	
0.94126	-415.7	
0.94262	-415.7	
0.94262	-445.7	
0.94398	-445.7	
0.94398	-415.7	
0.94533	-405.7	
0.94533	-455.7	
0.94669	-455.7	
0.94669	-415.7	
0.94804	-415.7	
0.94804	-450.7	
0.94939	-450.7	
0.94939	-410.7	
0.95075	-415.7	
0.95075	-455.7	
0.9521	-445.7	
0.9521	-405.7	
0.95345	-410.7	
0.95345	-445.7	
0.95481	-450.7	
0.95481	-405.7	
0.95616	-410.7	
0.95616	-445.7	
0.95752	-445.7	
0.95752	-415.7	
0.95887	-405.7	
0.95887	-445.7	
0.96023	-450.7	
0.96023	-415.7	
0.96158	-415.7	
0.96158	-445.7	
0.96293	-440.7	
0.96293	-415.7	
0.96429	-415.7	
0.96429	-445.7	
0.96564	-450.7	
0.96564	-410.7	
0.967	-410.7	
0.967	-450.7	
0.96835	-450.7	
0.96835	-400.7	
0.96971	-400.7	
0.96971	-455.7	
0.97106	-445.7	
0.97106	-405.7	
0.97241	-415.7	
0.97241	-445.7	
0.97377	-440.7	
0.97377	-405.7	
0.97512	-400.7	
0.97512	-455.7	
0.97648	-455.7	
0.97648	-385.7	
0.97783	-380.7	
0.97783	-450.7	
0.97918	-450.7	
0.97918	-405.7	
0.98054	-390.7	
0.98054	-445.7	
0.98189	-445.7	
0.98189	-400.7	
0.98325	-380.7	
0.98325	-445.7	
0.98461	-445.7	
0.98461	-385.7	
0.98596	-390.7	
0.98596	-450.7	
0.98731	-450.7	
0.98731	-390.7	
0.98866	-365.7	
0.98866	-445.7	
0.99002	-455.7	
0.99002	-375.7	
0.99137	-375.7	
0.99137	-440.7	
0.99273	-440.7	
0.99273	-360.7	
0.99409	-370.7	
0.99409	-445.7	
0.99544	-450.7	
0.99544	-375.7	
0.99679	-370.7	
0.99679	-440.7	
0.99815	-450.7	
0.99815	-365.7	
0.9995	-355.7	
0.9995	-440.7	
1.00085	-440.7	
1.00085	-345.7	
1.00221	-370.7	
1.00221	-440.7	
1.00357	-435.7	
1.00357	-360.7	
1.00492	-355.7	
1.00492	-445.7	
1.00627	-445.7	
1.00627	-360.7	
1.00762	-355.7	
1.00762	-440.7	
1.00898	-440.7	
1.00898	-355.7	
1.01033	-355.7	
1.01033	-445.7	
1.01169	-435.7	
1.01169	-360.7	
1.01305	-360.7	
1.01305	-425.7	
1.0144	-420.7	
1.0144	-355.7	
1.01575	-360.7	
1.01575	-430.7	
1.0171	-420.7	
1.0171	-355.7	
1.01846	-350.7	
1.01846	-420.7	
1.01981	-405.7	
1.01981	-350.7	
1.02117	-360.7	
1.02117	-400.7	
1.02252	-410.7	
1.02252	-360.7	
1.02388	-360.7	
1.02388	-390.7	
1.02523	-400.7	
1.02523	-355.7	
1.02659	-350.7	
1.02659	-420.7	
1.02794	-400.7	
1.02794	-355.7	
1.02929	-350.7	
1.02929	-400.7	
1.03065	-400.7	
1.03065	-355.7	
1.03201	-360.7	
1.03201	-385.7	
1.03336	-400.7	
1.03336	-355.7	
1.03471	-350.7	
1.03471	-395.7	
1.03606	-405.7	
1.03606	-360.7	
1.03742	-355.7	
1.03742	-390.7	
1.03877	-390.7	
1.03877	-355.7	
1.04013	-350.7	
1.04013	-400.7	
1.04149	-390.7	
1.04149	-355.7	
1.04284	-355.7	
1.04284	-390.7	
1.0442	-395.7	
1.0442	-350.7	
1.04555	-360.7	
1.04555	-395.7	
1.0469	-390.7	
1.0469	-350.7	
1.04825	-355.7	
1.04825	-385.7	
1.04961	-410.7	
1.04961	-350.7	
1.05097	-360.7	
1.05097	-400.7	
1.05232	-390.7	
1.05232	-360.7	
1.05368	-360.7	
1.05368	-390.7	
1.05503	-385.7	
1.05503	-355.7	
1.05638	-355.7	
1.05638	-390.7	
1.05773	-395.7	
1.05773	-355.7	
1.05909	-355.7	
1.05909	-400.7	
1.06045	-395.7	
1.06045	-355.7	
1.0618	-360.7	
1.0618	-385.7	
1.06316	-385.7	
1.06316	-360.7	
1.06451	-360.7	
1.06451	-395.7	
1.06586	-395.7	
1.06586	-335.7	
1.06721	-350.7	
1.06721	-395.7	
1.06857	-395.7	
1.06857	-360.7	
1.06993	-340.7	
1.06993	-400.7	
1.07128	-390.7	
1.07128	-345.7	
1.07263	-350.7	
1.07263	-390.7	
1.07399	-395.7	
1.07399	-340.7	
1.07534	-335.7	
1.07534	-390.7	
1.0767	-395.7	
1.0767	-340.7	
1.07805	-340.7	
1.07805	-390.7	
1.0794	-400.7	
1.0794	-330.7	
1.08076	-330.7	
1.08076	-385.7	
1.08211	-390.7	
1.08211	-360.7	
1.08347	-340.7	
1.08347	-385.7	
1.08482	-405.7	
1.08482	-335.7	
1.08617	-330.7	
1.08617	-390.7	
1.08753	-390.7	
1.08753	-330.7	
1.08889	-315.7	
1.08889	-390.7	
1.09024	-400.7	
1.09024	-305.7	
1.09159	-325.7	
1.09159	-385.7	
1.09295	-385.7	
1.09295	-330.7	
1.0943	-315.7	
1.0943	-385.7	
1.09565	-385.7	
1.09565	-300.7	
1.09701	-305.7	
1.09701	-390.7	
1.09837	-385.7	
1.09837	-305.7	
1.09972	-300.7	
1.09972	-395.7	
1.10108	-385.7	
1.10108	-305.7	
1.10243	-310.7	
1.10243	-380.7	
1.10378	-385.7	
1.10378	-305.7	
1.10513	-290.7	
1.10513	-395.7	
1.10649	-385.7	
1.10649	-305.7	
1.10784	-305.7	
1.10784	-385.7	
1.1092	-395.7	
1.1092	-300.7	
1.11056	-280.7	
1.11056	-385.7	
1.11191	-370.7	
1.11191	-300.7	
1.11326	-305.7	
1.11326	-375.7	
1.11461	-365.7	
1.11461	-300.7	
1.11597	-295.7	
1.11597	-360.7	
1.11733	-370.7	
1.11733	-295.7	
1.11868	-295.7	
1.11868	-350.7	
1.12004	-380.7	
1.12004	-295.7	
1.12139	-295.7	
1.12139	-360.7	
1.12274	-360.7	
1.12274	-300.7	
1.1241	-300.7	
1.1241	-360.7	
1.12545	-355.7	
1.12545	-295.7	
1.12681	-295.7	
1.12681	-370.7	
1.12816	-345.7	
1.12816	-290.7	
1.12952	-300.7	
1.12952	-365.7	
1.13087	-350.7	
1.13087	-285.7	
1.13222	-295.7	
1.13222	-340.7	
1.13357	-340.7	
1.13357	-300.7	
1.13493	-290.7	
1.13493	-340.7	
1.13629	-345.7	
1.13629	-295.7	
1.13764	-295.7	
1.13764	-340.7	
1.13899	-335.7	
1.13899	-290.7	
1.14035	-280.7	
1.14035	-325.7	
1.1417	-345.7	
1.1417	-300.7	
1.14306	-300.7	
1.14306	-325.7	
1.14441	-330.7	
1.14441	-285.7	
1.14576	-290.7	
1.14576	-345.7	
1.14712	-335.7	
1.14712	-290.7	
1.14847	-290.7	
1.14847	-330.7	
1.14983	-335.7	
1.14983	-285.7	
1.15118	-295.7	
1.15118	-325.7	
1.15253	-325.7	
1.15253	-300.7	
1.15389	-300.7	
1.15389	-325.7	
1.15525	-330.7	
1.15525	-295.7	
1.1566	-290.7	
1.1566	-330.7	
1.15795	-330.7	
1.15795	-300.7	
1.15931	-295.7	
1.15931	-335.7	
1.15999	-315.7	
